{
 "focal_px": 567.1009521484375,
 "width": 430,
 "height": 330,
 "hfov_deg": 41.52556112150675,
 "gravity_cam": [
  -0.003534723073244095,
  -0.8732070326805115,
  -0.487336665391922
 ]
}