{
 "focal_px": 558.7403564453125,
 "width": 430,
 "height": 330,
 "hfov_deg": 42.0928624986327
}