{
 "focal_px": 1381.467041015625,
 "width": 1920,
 "height": 1080,
 "hfov_deg": 69.59191159396069
}