{
 "focal_px": 1359.6329345703125,
 "width": 1920,
 "height": 1080,
 "hfov_deg": 70.44975990112806
}